net,netclass,ref,pad,pin
+3V3,POWER,C1,1,1
+3V3,POWER,C2,1,1
+3V3,POWER,C3,1,1
+3V3,POWER,C19,1,1
+3V3,POWER,C20,1,1
+3V3,POWER,C27,1,1
+3V3,POWER,C28,1,1
+3V3,POWER,C32,1,1
+3V3,POWER,C33,1,1
+3V3,POWER,C37,1,1
+3V3,POWER,C38,1,1
+3V3,POWER,C39,1,1
+3V3,POWER,C46,1,1
+3V3,POWER,C53,1,1
+3V3,POWER,C54,1,1
+3V3,POWER,C55,1,1
+3V3,POWER,C56,1,1
+3V3,POWER,C60,1,1
+3V3,POWER,C61,1,1
+3V3,POWER,C62,1,1
+3V3,POWER,C63,1,1
+3V3,POWER,C64,1,1
+3V3,POWER,C72,1,1
+3V3,POWER,C80,1,1
+3V3,POWER,C81,1,1
+3V3,POWER,C82,1,1
+3V3,POWER,C83,1,1
+3V3,POWER,FB1,1,1
+3V3,POWER,J6,1,P1
+3V3,POWER,J9,1,P1
+3V3,POWER,J_CAM,22,3V3
+3V3,POWER,J_DSI,22,3V3
+3V3,POWER,L1,2,2
+3V3,POWER,Q2,2,S
+3V3,POWER,Q6,2,S
+3V3,POWER,R1,1,1
+3V3,POWER,R2,1,1
+3V3,POWER,R6,1,1
+3V3,POWER,R7,1,1
+3V3,POWER,R8,1,1
+3V3,POWER,R22,1,1
+3V3,POWER,R24,1,1
+3V3,POWER,R25,1,1
+3V3,POWER,R34,1,1
+3V3,POWER,R51,1,1
+3V3,POWER,R52,1,1
+3V3,POWER,R71,1,1
+3V3,POWER,R84,1,1
+3V3,POWER,R85,1,1
+3V3,POWER,R90,1,1
+3V3,POWER,R91,1,1
+3V3,POWER,U1,9,VDD_LP
+3V3,POWER,U1,21,VDD_IO_0
+3V3,POWER,U1,62,VDD_IO_4
+3V3,POWER,U1,75,VDD_LDO
+3V3,POWER,U1,77,VDD_DCDCC
+3V3,POWER,U1,96,VDD_IO_6
+3V3,POWER,U1,101,VDD_ANA
+3V3,POWER,U3,14,VOS
+3V3,POWER,U4,4,VIN
+3V3,POWER,U5,9,VDDIO
+3V3,POWER,U6,5,VIO
+3V3,POWER,U6,6,VDD
+3V3,POWER,U6,7,VREGIN
BOOT_BTN,Default,Q1,3,C2
BOOT_BTN,Default,R9,2,2
BOOT_BTN,Default,SW2,1,1
BUCK_FB,Default,R22,2,2
BUCK_FB,Default,R23,1,1
BUCK_FB,Default,U3,5,FB
BUCK_PG,Default,R24,2,2
BUCK_PG,Default,U3,4,PG
BUCK_SS,Default,C57,1,1
BUCK_SS,Default,U3,9,SS/TR
BUCK_SW,POWER,L1,1,1
BUCK_SW,POWER,U3,1,SW
BUCK_SW,POWER,U3,2,SW
BUCK_SW,POWER,U3,3,SW
CAM_CLK_N,MIPI_100,J_CAM,8,CLK_N
CAM_CLK_N,MIPI_100,R77,2,2
CAM_CLK_P,MIPI_100,J_CAM,9,CLK_P
CAM_CLK_P,MIPI_100,R76,2,2
CAM_D0_N,MIPI_100,J_CAM,2,D0_N
CAM_D0_N,MIPI_100,R73,2,2
CAM_D0_P,MIPI_100,J_CAM,3,D0_P
CAM_D0_P,MIPI_100,R72,2,2
CAM_D1_N,MIPI_100,J_CAM,5,D1_N
CAM_D1_N,MIPI_100,R75,2,2
CAM_D1_P,MIPI_100,J_CAM,6,D1_P
CAM_D1_P,MIPI_100,R74,2,2
CAM_EN,Default,J_CAM,17,IO0
CAM_EN,Default,U1,13,GPIO12
CAM_IO1,Default,J_CAM,18,IO1
CAM_IO1,Default,U1,14,GPIO13
CHIP_PU,Default,C42,1,1
CHIP_PU,Default,Q1,6,C1
CHIP_PU,Default,R6,2,2
CHIP_PU,Default,SW1,1,1
CHIP_PU,Default,U1,103,CHIP_PU
CP_DTR,Default,Q1,4,E2
CP_DTR,Default,R35,1,1
CP_DTR,Default,U6,23,~DTR
CP_RST_N,Default,R34,2,2
CP_RST_N,Default,U6,9,~RST
CP_RTS,Default,Q1,1,E1
CP_RTS,Default,R36,1,1
CP_RTS,Default,U6,19,~RTS
CP_VBUS_SENSE,Default,R32,2,2
CP_VBUS_SENSE,Default,R33,1,1
CP_VBUS_SENSE,Default,U6,8,VBUS
CSI_CLK_N,MIPI_100,R77,1,1
CSI_CLK_N,MIPI_100,U1,45,CSI_CLKN
CSI_CLK_P,MIPI_100,R76,1,1
CSI_CLK_P,MIPI_100,U1,44,CSI_CLKP
CSI_D0_N,MIPI_100,R73,1,1
CSI_D0_N,MIPI_100,U1,42,CSI_DATAN0
CSI_D0_P,MIPI_100,R72,1,1
CSI_D0_P,MIPI_100,U1,43,CSI_DATAP0
CSI_D1_N,MIPI_100,R75,1,1
CSI_D1_N,MIPI_100,U1,46,CSI_DATAN1
CSI_D1_P,MIPI_100,R74,1,1
CSI_D1_P,MIPI_100,U1,47,CSI_DATAP1
CSI_REXT,Default,R5,1,1
CSI_REXT,Default,U1,48,CSI_REXT
DISP_CLK_N,MIPI_100,J_DSI,8,CLK_N
DISP_CLK_N,MIPI_100,R83,2,2
DISP_CLK_P,MIPI_100,J_DSI,9,CLK_P
DISP_CLK_P,MIPI_100,R82,2,2
DISP_D0_N,MIPI_100,J_DSI,2,D0_N
DISP_D0_N,MIPI_100,R79,2,2
DISP_D0_P,MIPI_100,J_DSI,3,D0_P
DISP_D0_P,MIPI_100,R78,2,2
DISP_D1_N,MIPI_100,J_DSI,5,D1_N
DISP_D1_N,MIPI_100,R81,2,2
DISP_D1_P,MIPI_100,J_DSI,6,D1_P
DISP_D1_P,MIPI_100,R80,2,2
DSI_CLK_N,MIPI_100,R83,1,1
DSI_CLK_N,MIPI_100,U1,37,DSI_CLKN
DSI_CLK_P,MIPI_100,R82,1,1
DSI_CLK_P,MIPI_100,U1,38,DSI_CLKP
DSI_D0_N,MIPI_100,R79,1,1
DSI_D0_N,MIPI_100,U1,40,DSI_DATAN0
DSI_D0_P,MIPI_100,R78,1,1
DSI_D0_P,MIPI_100,U1,39,DSI_DATAP0
DSI_D1_N,MIPI_100,R81,1,1
DSI_D1_N,MIPI_100,U1,36,DSI_DATAN1
DSI_D1_P,MIPI_100,R80,1,1
DSI_D1_P,MIPI_100,U1,35,DSI_DATAP1
DSI_REXT,Default,R4,1,1
DSI_REXT,Default,U1,34,DSI_REXT
ETH_CT,Default,C75,1,1
ETH_CT,Default,C76,1,1
ETH_CT,Default,FB2,2,2
ETH_CT,Default,J4,4,TCT
ETH_CT,Default,J4,5,RCT
ETH_LED_LINK_A,Default,J4,9,LED_G_A
ETH_LED_LINK_A,Default,R57,2,2
ETH_LED_SPEED_A,Default,J4,12,LED_Y_A
ETH_LED_SPEED_A,Default,R58,2,2
ETH_MDC,Default,U1,61,GPIO31
ETH_MDC,Default,U5,13,MDC
ETH_MDIO,Default,R52,2,2
ETH_MDIO,Default,U1,95,GPIO52/ADC2_CHANNEL3
ETH_MDIO,Default,U5,12,MDIO
ETH_PHY_RST_N,Default,R51,2,2
ETH_PHY_RST_N,Default,U1,94,GPIO51/ADC2_CHANNEL2
ETH_PHY_RST_N,Default,U5,15,~RST
ETH_RX_N,ETH_100,J4,6,RD-
ETH_RX_N,ETH_100,R56,1,1
ETH_RX_N,ETH_100,U5,22,RXN
ETH_RX_P,ETH_100,J4,3,RD+
ETH_RX_P,ETH_100,R55,1,1
ETH_RX_P,ETH_100,U5,23,RXP
ETH_TX_N,ETH_100,J4,2,TD-
ETH_TX_N,ETH_100,R54,1,1
ETH_TX_N,ETH_100,U5,20,TXN
ETH_TX_P,ETH_100,J4,1,TD+
ETH_TX_P,ETH_100,R53,1,1
ETH_TX_P,ETH_100,U5,21,TXP
FAN_5V,POWER,C84,1,1
FAN_5V,POWER,J7,2,+5V
FAN_5V,POWER,Q4,3,D
FAN_5V,POWER,R88,2,2
FAN_EN,Default,Q5,1,G
FAN_EN,Default,R90,2,2
FAN_EN,Default,U1,12,GPIO11
FAN_HS_G,Default,Q4,1,G
FAN_HS_G,Default,Q5,3,D
FAN_HS_G,Default,R89,2,2
FAN_PWM,Default,R86,1,1
FAN_PWM,Default,U1,10,GPIO9
FAN_PWM_G,Default,Q3,1,G
FAN_PWM_G,Default,R86,2,2
FAN_PWM_G,Default,R87,1,1
FAN_PWM_OD,Default,J7,4,PWM
FAN_PWM_OD,Default,Q3,3,D
FAN_PWM_OD,Default,R88,1,1
FAN_TACH,Default,R92,2,2
FAN_TACH,Default,U1,11,GPIO10
FAN_TACH_RAW,Default,J7,3,TACH
FAN_TACH_RAW,Default,R91,2,2
FAN_TACH_RAW,Default,R92,1,1
FLASH_CK,SE_50,R17,1,1
FLASH_CK,SE_50,U1,32,FLASH_CK
FLASH_CK_M,SE_50,R17,2,2
FLASH_CK_M,SE_50,U2,6,CLK
FLASH_CS,SE_50,R13,1,1
FLASH_CS,SE_50,U1,27,FLASH_CS
FLASH_CS_M,SE_50,R13,2,2
FLASH_CS_M,SE_50,R19,2,2
FLASH_CS_M,SE_50,U2,1,~CS
FLASH_D,SE_50,R18,1,1
FLASH_D,SE_50,U1,33,FLASH_D
FLASH_D_M,SE_50,R18,2,2
FLASH_D_M,SE_50,U2,5,DI/IO0
FLASH_HOLD,SE_50,R16,1,1
FLASH_HOLD,SE_50,U1,31,FLASH_HOLD
FLASH_HOLD_M,SE_50,R16,2,2
FLASH_HOLD_M,SE_50,U2,7,~HOLD/IO3
FLASH_Q,SE_50,R14,1,1
FLASH_Q,SE_50,U1,28,FLASH_Q
FLASH_Q_M,SE_50,R14,2,2
FLASH_Q_M,SE_50,U2,2,DO/IO1
FLASH_WP,SE_50,R15,1,1
FLASH_WP,SE_50,U1,29,FLASH_WP
FLASH_WP_M,SE_50,R15,2,2
FLASH_WP_M,SE_50,U2,3,~WP/IO2
GND,Default,C1,2,2
GND,Default,C2,2,2
GND,Default,C3,2,2
GND,Default,C4,2,2
GND,Default,C5,2,2
GND,Default,C6,2,2
GND,Default,C7,2,2
GND,Default,C8,2,2
GND,Default,C9,2,2
GND,Default,C10,2,2
GND,Default,C11,2,2
GND,Default,C12,2,2
GND,Default,C13,2,2
GND,Default,C14,2,2
GND,Default,C15,2,2
GND,Default,C16,2,2
GND,Default,C17,2,2
GND,Default,C18,2,2
GND,Default,C19,2,2
GND,Default,C20,2,2
GND,Default,C21,2,2
GND,Default,C22,2,2
GND,Default,C23,2,2
GND,Default,C24,2,2
GND,Default,C25,2,2
GND,Default,C26,2,2
GND,Default,C27,2,2
GND,Default,C28,2,2
GND,Default,C29,2,2
GND,Default,C30,2,2
GND,Default,C31,2,2
GND,Default,C32,2,2
GND,Default,C33,2,2
GND,Default,C34,2,2
GND,Default,C35,2,2
GND,Default,C36,2,2
GND,Default,C37,2,2
GND,Default,C38,2,2
GND,Default,C39,2,2
GND,Default,C40,2,2
GND,Default,C41,2,2
GND,Default,C42,2,2
GND,Default,C43,2,2
GND,Default,C44,2,2
GND,Default,C45,2,2
GND,Default,C46,2,2
GND,Default,C47,2,2
GND,Default,C49,2,2
GND,Default,C50,2,2
GND,Default,C51,2,2
GND,Default,C52,2,2
GND,Default,C53,2,2
GND,Default,C54,2,2
GND,Default,C55,2,2
GND,Default,C56,2,2
GND,Default,C57,2,2
GND,Default,C58,2,2
GND,Default,C59,2,2
GND,Default,C60,2,2
GND,Default,C61,2,2
GND,Default,C62,2,2
GND,Default,C63,2,2
GND,Default,C64,2,2
GND,Default,C65,2,2
GND,Default,C66,2,2
GND,Default,C67,2,2
GND,Default,C68,2,2
GND,Default,C69,2,2
GND,Default,C70,2,2
GND,Default,C71,2,2
GND,Default,C72,2,2
GND,Default,C73,2,2
GND,Default,C74,2,2
GND,Default,C75,2,2
GND,Default,C76,2,2
GND,Default,C77,2,2
GND,Default,C78,2,2
GND,Default,C79,2,2
GND,Default,C80,2,2
GND,Default,C81,2,2
GND,Default,C82,2,2
GND,Default,C83,2,2
GND,Default,C84,2,2
GND,Default,C85,2,2
GND,Default,C86,2,2
GND,Default,D4,1,K
GND,Default,D5,1,K
GND,Default,H1,1,1
GND,Default,H2,1,1
GND,Default,H3,1,1
GND,Default,H4,1,1
GND,Default,H5,1,1
GND,Default,H6,1,1
GND,Default,H7,1,1
GND,Default,H8,1,1
GND,Default,J1,A1,GND
GND,Default,J1,A12,GND
GND,Default,J1,B1,GND
GND,Default,J1,B12,GND
GND,Default,J1,SH,SHIELD
GND,Default,J2,A1,GND
GND,Default,J2,A12,GND
GND,Default,J2,B1,GND
GND,Default,J2,B12,GND
GND,Default,J2,SH,SHIELD
GND,Default,J3,A1,GND
GND,Default,J3,A12,GND
GND,Default,J3,B1,GND
GND,Default,J3,B12,GND
GND,Default,J3,SH,SHIELD
GND,Default,J4,8,GND
GND,Default,J4,10,LED_G_K
GND,Default,J4,11,LED_Y_K
GND,Default,J4,SH,SHIELD
GND,Default,J5,6,VSS
GND,Default,J5,9,DET_B
GND,Default,J5,SH,SHIELD
GND,Default,J6,9,P9
GND,Default,J6,10,P10
GND,Default,J7,1,GND
GND,Default,J8,2,2
GND,Default,J8,MP,MP
GND,Default,J9,3,P3
GND,Default,J9,4,P4
GND,Default,J_CAM,1,GND
GND,Default,J_CAM,4,GND
GND,Default,J_CAM,7,GND
GND,Default,J_CAM,10,GND
GND,Default,J_CAM,13,GND
GND,Default,J_CAM,16,GND
GND,Default,J_CAM,19,GND
GND,Default,J_CAM,MP,MP
GND,Default,J_DSI,1,GND
GND,Default,J_DSI,4,GND
GND,Default,J_DSI,7,GND
GND,Default,J_DSI,10,GND
GND,Default,J_DSI,13,GND
GND,Default,J_DSI,16,GND
GND,Default,J_DSI,19,GND
GND,Default,J_DSI,MP,MP
GND,Default,Q3,2,S
GND,Default,Q5,2,S
GND,Default,R4,2,2
GND,Default,R5,2,2
GND,Default,R10,2,2
GND,Default,R21,2,2
GND,Default,R23,2,2
GND,Default,R26,2,2
GND,Default,R27,2,2
GND,Default,R30,2,2
GND,Default,R31,2,2
GND,Default,R33,2,2
GND,Default,R37,2,2
GND,Default,R38,2,2
GND,Default,R48,2,2
GND,Default,R49,2,2
GND,Default,R50,2,2
GND,Default,R70,2,2
GND,Default,R87,2,2
GND,Default,R95,2,2
GND,Default,SW1,2,2
GND,Default,SW2,2,2
GND,Default,U1,105,GND
GND,Default,U2,4,GND
GND,Default,U2,9,EP
GND,Default,U3,6,AGND
GND,Default,U3,7,FSW
GND,Default,U3,8,DEF
GND,Default,U3,15,PGND
GND,Default,U3,16,PGND
GND,Default,U3,17,EP
GND,Default,U4,2,GND
GND,Default,U5,25,VSS
GND,Default,U6,2,GND
GND,Default,U6,25,GND
GND,Default,U7,3,GND
GND,Default,U8,2,GND
GND,Default,U9,2,GND
GND,Default,U10,3,GND
GND,Default,U10,8,GND
GND,Default,U11,3,GND
GND,Default,U11,8,GND
GND,Default,Y1,2,GND
GND,Default,Y1,4,GND
GND,Default,Y2,2,GND
GND,Default,Y2,4,GND
GPIO0,Default,J6,3,P3
GPIO0,Default,U1,104,GPIO0
GPIO1,Default,J6,4,P4
GPIO1,Default,U1,1,GPIO1
GPIO2,Default,J6,5,P5
GPIO2,Default,U1,2,GPIO2
GPIO3,Default,J6,6,P6
GPIO3,Default,U1,3,GPIO3
GPIO4,Default,J6,7,P7
GPIO4,Default,U1,4,GPIO4
GPIO5,Default,J6,8,P8
GPIO5,Default,U1,5,GPIO5
GPIO16,Default,J6,15,P15
GPIO16,Default,J9,12,P12
GPIO16,Default,U1,17,GPIO16/ADC1_CHANNEL0
GPIO17,Default,J6,16,P16
GPIO17,Default,J9,13,P13
GPIO17,Default,U1,18,GPIO17/ADC1_CHANNEL1
GPIO18,Default,J6,17,P17
GPIO18,Default,Q6,1,G
GPIO18,Default,R95,1,1
GPIO18,Default,U1,19,GPIO18/ADC1_CHANNEL2
GPIO19,Default,J6,18,P18
GPIO19,Default,J9,14,P14
GPIO19,Default,U1,20,GPIO19/ADC1_CHANNEL3
GPIO22,Default,J6,19,P19
GPIO22,Default,J9,7,P7
GPIO22,Default,U1,24,GPIO22/ADC1_CHANNEL6
GPIO23,Default,J6,20,P20
GPIO23,Default,J9,8,P8
GPIO23,Default,U1,25,GPIO23/ADC1_CHANNEL7
GPIO32,Default,J6,21,P21
GPIO32,Default,R94,1,1
GPIO32,Default,U1,63,GPIO32
GPIO33,Default,J6,22,P22
GPIO33,Default,J9,6,P6
GPIO33,Default,U1,64,GPIO33
GPIO53,Default,J6,23,P23
GPIO53,Default,J9,9,P9
GPIO53,Default,U1,97,GPIO53/ADC2_CHANNEL4
GPIO54,Default,J6,24,P24
GPIO54,Default,J9,10,P10
GPIO54,Default,U1,98,GPIO54/ADC2_CHANNEL5
HP_SW,POWER,L2,1,1
HP_SW,POWER,U4,3,SW
I2C_SCL,Default,J6,12,P12
I2C_SCL,Default,J9,16,P16
I2C_SCL,Default,J_CAM,20,SCL
I2C_SCL,Default,J_DSI,20,SCL
I2C_SCL,Default,R85,2,2
I2C_SCL,Default,U1,8,GPIO8
I2C_SDA,Default,J6,11,P11
I2C_SDA,Default,J9,15,P15
I2C_SDA,Default,J_CAM,21,SDA
I2C_SDA,Default,J_DSI,21,SDA
I2C_SDA,Default,R84,2,2
I2C_SDA,Default,U1,7,GPIO7
J1_CC1,Default,J1,A5,CC1
J1_CC1,Default,R26,1,1
J1_CC2,Default,J1,B5,CC2
J1_CC2,Default,R27,1,1
J2_CC1,Default,J2,A5,CC1
J2_CC1,Default,R30,1,1
J2_CC2,Default,J2,B5,CC2
J2_CC2,Default,R31,1,1
J3_CC1,Default,J3,A5,CC1
J3_CC1,Default,R37,1,1
J3_CC2,Default,J3,B5,CC2
J3_CC2,Default,R38,1,1
LCD_BL_PWM,Default,J_DSI,18,IO1
LCD_BL_PWM,Default,U1,55,GPIO26/USB1P1_N1
LCD_RST,Default,J_DSI,17,IO0
LCD_RST,Default,U1,56,GPIO27/USB1P1_P1
LCD_SPI_BL,Default,C86,1,1
LCD_SPI_BL,Default,J9,11,P11
LCD_SPI_BL,Default,Q6,3,D
LCD_SPI_SCK,Default,C85,1,1
LCD_SPI_SCK,Default,J9,5,P5
LCD_SPI_SCK,Default,R94,2,2
LED_PWR_A,Default,D4,2,A
LED_PWR_A,Default,R25,2,2
LED_STATUS,Default,R93,1,1
LED_STATUS,Default,U1,6,GPIO6
LED_STATUS_A,Default,D5,2,A
LED_STATUS_A,Default,R93,2,2
LP_UART_RXD,Default,J6,14,P14
LP_UART_RXD,Default,U1,16,GPIO15
LP_UART_TXD,Default,J6,13,P13
LP_UART_TXD,Default,U1,15,GPIO14
PHY_AVDD,Default,C68,1,1
PHY_AVDD,Default,C69,1,1
PHY_AVDD,Default,C70,1,1
PHY_AVDD,Default,C71,1,1
PHY_AVDD,Default,FB1,2,2
PHY_AVDD,Default,FB2,1,1
PHY_AVDD,Default,R53,2,2
PHY_AVDD,Default,R54,2,2
PHY_AVDD,Default,R55,2,2
PHY_AVDD,Default,R56,2,2
PHY_AVDD,Default,U5,1,VDD2A
PHY_AVDD,Default,U5,19,VDD1A
PHY_LED1,Default,R57,1,1
PHY_LED1,Default,U5,3,LED1/REGOFF
PHY_LED2,Default,R49,1,1
PHY_LED2,Default,R58,1,1
PHY_LED2,Default,U5,2,LED2/~INTSEL
PHY_RBIAS,Default,R48,1,1
PHY_RBIAS,Default,U5,24,RBIAS
PHY_RXER,Default,R50,1,1
PHY_RXER,Default,U5,10,RXER/PHYAD0
PHY_VDDCR,Default,C73,1,1
PHY_VDDCR,Default,C74,1,1
PHY_VDDCR,Default,U5,6,VDDCR
PHY_XI,Default,C66,1,1
PHY_XI,Default,U5,5,XTAL1/CLKIN
PHY_XI,Default,Y2,1,XIN
PHY_XO,Default,C67,1,1
PHY_XO,Default,U5,4,XTAL2
PHY_XO,Default,Y2,3,XOUT
Q1_B1,Default,Q1,2,B1
Q1_B1,Default,R35,2,2
Q1_B2,Default,Q1,5,B2
Q1_B2,Default,R36,2,2
RMII_CRS_DV,SE_50,R46,2,2
RMII_CRS_DV,SE_50,U1,57,GPIO28
RMII_CRS_DV_PHY,SE_50,R46,1,1
RMII_CRS_DV_PHY,SE_50,U5,11,CRS_DV/MODE2
RMII_REF_CLK,SE_50,R47,2,2
RMII_REF_CLK,SE_50,U1,93,GPIO50/ADC2_CHANNEL1
RMII_REF_CLK_PHY,SE_50,R47,1,1
RMII_REF_CLK_PHY,SE_50,U5,14,~INT/REFCLKO
RMII_RXD0,SE_50,R44,2,2
RMII_RXD0,SE_50,U1,58,GPIO29
RMII_RXD0_PHY,SE_50,R44,1,1
RMII_RXD0_PHY,SE_50,U5,8,RXD0/MODE0
RMII_RXD1,SE_50,R45,2,2
RMII_RXD1,SE_50,U1,60,GPIO30
RMII_RXD1_PHY,SE_50,R45,1,1
RMII_RXD1_PHY,SE_50,U5,7,RXD1/MODE1
RMII_TXD0,SE_50,R41,1,1
RMII_TXD0,SE_50,U1,65,GPIO34
RMII_TXD0_PHY,SE_50,R41,2,2
RMII_TXD0_PHY,SE_50,U5,17,TXD0
RMII_TXD1,SE_50,R7,2,2
RMII_TXD1,SE_50,R9,1,1
RMII_TXD1,SE_50,R42,1,1
RMII_TXD1,SE_50,U1,66,GPIO35
RMII_TXD1_PHY,SE_50,R42,2,2
RMII_TXD1_PHY,SE_50,U5,18,TXD1
RMII_TX_EN,SE_50,R43,1,1
RMII_TX_EN,SE_50,U1,92,GPIO49/ADC2_CHANNEL0
RMII_TX_EN_PHY,SE_50,R43,2,2
RMII_TX_EN_PHY,SE_50,U5,16,TXEN
SD_CLK,SE_50,R63,1,1
SD_CLK,SE_50,U1,84,GPIO43
SD_CLK_C,SE_50,C77,1,1
SD_CLK_C,SE_50,J5,5,CLK
SD_CLK_C,SE_50,R63,2,2
SD_CLK_C,SE_50,U11,1,D1+
SD_CLK_C,SE_50,U11,10,FT_D1+
SD_CMD,SE_50,R64,1,1
SD_CMD,SE_50,U1,86,GPIO44
SD_CMD_C,SE_50,J5,3,CMD
SD_CMD_C,SE_50,R64,2,2
SD_CMD_C,SE_50,R69,1,1
SD_CMD_C,SE_50,U11,2,D1-
SD_CMD_C,SE_50,U11,9,FT_D1-
SD_D0,SE_50,R59,1,1
SD_D0,SE_50,U1,80,GPIO39
SD_D0_C,SE_50,J5,7,DAT0
SD_D0_C,SE_50,R59,2,2
SD_D0_C,SE_50,R65,1,1
SD_D0_C,SE_50,U10,1,D1+
SD_D0_C,SE_50,U10,10,FT_D1+
SD_D1,SE_50,R60,1,1
SD_D1,SE_50,U1,81,GPIO40
SD_D1_C,SE_50,J5,8,DAT1
SD_D1_C,SE_50,R60,2,2
SD_D1_C,SE_50,R66,1,1
SD_D1_C,SE_50,U10,2,D1-
SD_D1_C,SE_50,U10,9,FT_D1-
SD_D2,SE_50,R61,1,1
SD_D2,SE_50,U1,82,GPIO41
SD_D2_C,SE_50,J5,1,DAT2
SD_D2_C,SE_50,R61,2,2
SD_D2_C,SE_50,R67,1,1
SD_D2_C,SE_50,U10,4,D2+
SD_D2_C,SE_50,U10,7,FT_D2+
SD_D3,SE_50,R62,1,1
SD_D3,SE_50,U1,83,GPIO42
SD_D3_C,SE_50,J5,2,DAT3/CD
SD_D3_C,SE_50,R62,2,2
SD_D3_C,SE_50,R68,1,1
SD_D3_C,SE_50,U10,5,D2-
SD_D3_C,SE_50,U10,6,FT_D2-
SD_DET,Default,J5,10,DET_A
SD_DET,Default,R71,2,2
SD_DET,Default,U1,23,GPIO21/ADC1_CHANNEL5
SD_DET,Default,U11,4,D2+
SD_DET,Default,U11,7,FT_D2+
SD_PWR_EN,Default,Q2,1,G
SD_PWR_EN,Default,R70,1,1
SD_PWR_EN,Default,U1,22,GPIO20/ADC1_CHANNEL4
SD_VDD,POWER,C78,1,1
SD_VDD,POWER,C79,1,1
SD_VDD,POWER,J5,4,VDD
SD_VDD,POWER,Q2,3,D
STRAP_GPIO36,Default,R8,2,2
STRAP_GPIO36,Default,U1,68,GPIO36
UART0_RXD,Default,U1,70,GPIO38
UART0_RXD,Default,U6,21,TXD
UART0_TXD,Default,U1,69,GPIO37
UART0_TXD,Default,U6,20,RXD
USB1_D_N,USB_90,J1,A7,D-
USB1_D_N,USB_90,J1,B7,D-
USB1_D_N,USB_90,R29,1,1
USB1_D_N,USB_90,U7,2,D-
USB1_D_P,USB_90,J1,A6,D+
USB1_D_P,USB_90,J1,B6,D+
USB1_D_P,USB_90,R28,1,1
USB1_D_P,USB_90,U7,1,D+
USB2_D_N,USB_90,J2,A7,D-
USB2_D_N,USB_90,J2,B7,D-
USB2_D_N,USB_90,U6,4,D-
USB2_D_N,USB_90,U8,3,I/O2
USB2_D_N,USB_90,U8,4,I/O2
USB2_D_P,USB_90,J2,A6,D+
USB2_D_P,USB_90,J2,B6,D+
USB2_D_P,USB_90,U6,3,D+
USB2_D_P,USB_90,U8,1,I/O1
USB2_D_P,USB_90,U8,6,I/O1
USB3_D_N,USB_90,J3,A7,D-
USB3_D_N,USB_90,J3,B7,D-
USB3_D_N,USB_90,R40,1,1
USB3_D_N,USB_90,U9,3,I/O2
USB3_D_N,USB_90,U9,4,I/O2
USB3_D_P,USB_90,J3,A6,D+
USB3_D_P,USB_90,J3,B6,D+
USB3_D_P,USB_90,R39,1,1
USB3_D_P,USB_90,U9,1,I/O1
USB3_D_P,USB_90,U9,6,I/O1
USBHS_D_N,USB_90,R29,2,2
USBHS_D_N,USB_90,U1,49,USB-DM
USBHS_D_P,USB_90,R10,1,1
USBHS_D_P,USB_90,R28,2,2
USBHS_D_P,USB_90,U1,50,USB-DP
USJ_D_N,USB_90,R40,2,2
USJ_D_N,USB_90,U1,52,GPIO24/USB1P1_N0
USJ_D_P,USB_90,R39,2,2
USJ_D_P,USB_90,U1,53,GPIO25/USB1P1_P0
VBUS1,POWER,C58,1,1
VBUS1,POWER,D1,2,A
VBUS1,POWER,J1,A4,VBUS
VBUS1,POWER,J1,A9,VBUS
VBUS1,POWER,J1,B4,VBUS
VBUS1,POWER,J1,B9,VBUS
VBUS2,POWER,C59,1,1
VBUS2,POWER,D2,2,A
VBUS2,POWER,J2,A4,VBUS
VBUS2,POWER,J2,A9,VBUS
VBUS2,POWER,J2,B4,VBUS
VBUS2,POWER,J2,B9,VBUS
VBUS2,POWER,R32,1,1
VBUS2,POWER,U8,5,VBUS
VBUS3,POWER,C65,1,1
VBUS3,POWER,D3,2,A
VBUS3,POWER,J3,A4,VBUS
VBUS3,POWER,J3,A9,VBUS
VBUS3,POWER,J3,B4,VBUS
VBUS3,POWER,J3,B9,VBUS
VBUS3,POWER,U9,5,VBUS
VDDO_4_SDIO,Default,C26,1,1
VDDO_4_SDIO,Default,C34,1,1
VDDO_4_SDIO,Default,R65,2,2
VDDO_4_SDIO,Default,R66,2,2
VDDO_4_SDIO,Default,R67,2,2
VDDO_4_SDIO,Default,R68,2,2
VDDO_4_SDIO,Default,R69,2,2
VDDO_4_SDIO,Default,U1,74,VDDO_4
VDDO_4_SDIO,Default,U1,85,VDD_IO_5
VDDO_FLASH,Default,C7,1,1
VDDO_FLASH,Default,C8,1,1
VDDO_FLASH,Default,C23,1,1
VDDO_FLASH,Default,C45,1,1
VDDO_FLASH,Default,R19,1,1
VDDO_FLASH,Default,U1,30,VDD_FLASH_IO
VDDO_FLASH,Default,U1,71,VDDO_FLASH
VDDO_FLASH,Default,U2,8,VCC
VDDO_PSRAM,Default,C17,1,1
VDDO_PSRAM,Default,C18,1,1
VDDO_PSRAM,Default,C21,1,1
VDDO_PSRAM,Default,C22,1,1
VDDO_PSRAM,Default,C24,1,1
VDDO_PSRAM,Default,U1,59,VDD_PSRAM_0
VDDO_PSRAM,Default,U1,67,VDD_PSRAM_1
VDDO_PSRAM,Default,U1,72,VDDO_PSRAM
VDD_BAT,Default,C40,1,1
VDD_BAT,Default,C41,1,1
VDD_BAT,Default,R2,2,2
VDD_BAT,Default,U1,102,VDD_BAT
VDD_HP,POWER,C4,1,1
VDD_HP,POWER,C5,1,1
VDD_HP,POWER,C6,1,1
VDD_HP,POWER,C29,1,1
VDD_HP,POWER,C30,1,1
VDD_HP,POWER,C31,1,1
VDD_HP,POWER,C35,1,1
VDD_HP,POWER,C36,1,1
VDD_HP,POWER,C47,1,1
VDD_HP,POWER,C48,1,1
VDD_HP,POWER,L2,2,2
VDD_HP,POWER,R3,1,1
VDD_HP,POWER,R20,1,1
VDD_HP,POWER,U1,26,VDD_HP_0
VDD_HP,POWER,U1,76,VDD_HP_2
VDD_HP,POWER,U1,91,VDD_HP_3
VDD_HP1_PAD,POWER,C15,1,1
VDD_HP1_PAD,POWER,C16,1,1
VDD_HP1_PAD,POWER,R3,2,2
VDD_HP1_PAD,POWER,U1,54,VDD_HP_1
VDD_HP_EN,Default,U1,79,EN_DCDC
VDD_HP_EN,Default,U4,1,EN
VDD_HP_FB,Default,C48,2,2
VDD_HP_FB,Default,R20,2,2
VDD_HP_FB,Default,R21,1,1
VDD_HP_FB,Default,U1,78,FB_DCDC
VDD_HP_FB,Default,U4,5,FB
VDD_MIPI_PHY,Default,C9,1,1
VDD_MIPI_PHY,Default,C10,1,1
VDD_MIPI_PHY,Default,C11,1,1
VDD_MIPI_PHY,Default,C25,1,1
VDD_MIPI_PHY,Default,U1,41,VDD_MIPI_DPHY
VDD_MIPI_PHY,Default,U1,73,VDDO_3
VDD_USBPHY,Default,C12,1,1
VDD_USBPHY,Default,C13,1,1
VDD_USBPHY,Default,C14,1,1
VDD_USBPHY,Default,R1,2,2
VDD_USBPHY,Default,U1,51,VDD_USBPHY
VSYS_5V,POWER,C49,1,1
VSYS_5V,POWER,C50,1,1
VSYS_5V,POWER,C51,1,1
VSYS_5V,POWER,C52,1,1
VSYS_5V,POWER,F1,2,2
VSYS_5V,POWER,J6,2,P2
VSYS_5V,POWER,J8,1,1
VSYS_5V,POWER,J9,2,P2
VSYS_5V,POWER,Q4,2,S
VSYS_5V,POWER,R89,1,1
VSYS_5V,POWER,U3,10,AVIN
VSYS_5V,POWER,U3,11,PVIN
VSYS_5V,POWER,U3,12,PVIN
VSYS_5V,POWER,U3,13,EN
VSYS_OR,POWER,D1,1,K
VSYS_OR,POWER,D2,1,K
VSYS_OR,POWER,D3,1,K
VSYS_OR,POWER,F1,1,1
XTAL_N,SE_50,R12,1,1
XTAL_N,SE_50,U1,99,XTAL_N
XTAL_N_Y,SE_50,C44,1,1
XTAL_N_Y,SE_50,R12,2,2
XTAL_N_Y,SE_50,Y1,3,XOUT
XTAL_P,SE_50,R11,1,1
XTAL_P,SE_50,U1,100,XTAL_P
XTAL_P_Y,SE_50,C43,1,1
XTAL_P_Y,SE_50,R11,2,2
XTAL_P_Y,SE_50,Y1,1,XIN
